iso2,iso3,cnum,country,pays,area,dis_int,landlocked,continent,city_en,city_fr,lat,lon,cap,maincity,citynum,langoff_1,langoff_2,langoff_3,lang20_1,lang20_2,lang20_3,lang20_4,lang9_1,lang9_2,lang9_3,lang9_4,colonizer1,colonizer2,colonizer3,colonizer4,short_colonizer1,short_colonizer2,short_colonizer3
AD,AND,20,Andorra,Andorre,453,8.0053978,0,Europe,Andorra la Vella,Andorre-la-Vieille,42.5,1.5,1,1,7,Catalan,Spanish,,Catalan,Spanish,,,,,,,,,,,,,
AE,ARE,784,United Arab Emirates,Emirats arabes unis,83657,108.78899,0,Asia,Abu Dhabi,Abou Dhabi,24.466667,54.416668,1,1,9,Arabic,,,Arabic,,,,,,,,GBR,,,,,,
AF,AFG,4,Afghanistan,Afghanistan,652225,303.76135,1,Asia,Kabul,Kaboul,34.516666,69.199997,1,1,25,Persian,,,Persian,Pashtu,,,Hazaragi,Uzbek,,,,,,,GBR,,
AG,ATG,28,Antigua and Barbuda,Antigua-et-Barbuda,442,7.9076047,0,America,Saint John's,Saint John's,17.133333,-61.833332,1,1,15,English,,,English,Leeward Caribbean Creole English,,,,,,,GBR,,,,,,
AI,AIA,660,Anguilla,Anguilla,102,3.7986903,0,America,The Valley,The Valley,18.216667,-63.066666,1,1,2,English,,,English,Leeward Caribbean Creole English,,,,,,,GBR,,,,,,
AL,ALB,8,Albania,Albanie,28748,63.773113,0,Europe,Tirana,Tirana,41.333332,19.816668,1,1,25,Albanian,,,Albanian,,,,,,,,TUR,,,,,,
AM,ARM,51,Armenia,Arménie,29800,64.929482,1,Asia,Yerevan,Erevan,40.183334,44.5,1,1,25,Armenian,,,Armenian,,,,,,,,TUR,RUS,,,,,
AN,ANT,530,Netherland Antilles,Antilles néerlandaises,960,11.65385,0,America,Willemstad,Willemstad,12.1,-68.933334,1,1,5,Dutch,Spanish,,Dutch,Papiamento,,,English,,,,NLD,,,,,,
AO,AGO,24,Angola,Angola,1246700,419.96664,0,Africa,Luanda,Luanda,-8.833333,13.25,1,1,25,Portuguese,,,Portuguese,Umbundu,Mbundu Loanda,,Kongo,,,,PRT,,,,,,
AR,ARG,32,Argentina,Argentine,2766889,625.64746,0,America,Buenos Aires,Buenos Aires,-34.666668,-58.5,1,1,25,Spanish,,,Spanish,,,,,,,,ESP,,,,,,
AT,AUT,40,Austria,Autriche,83858,108.9196,1,Europe,Vienna,Vienne,48.216667,16.366667,1,1,25,German,,,German,,,,,,,,,,,,DEU,,
AU,AUS,36,Australia,Australie,7686848,1042.8167,0,Pacific,Sydney,Sydney,-33.883335,151.16667,0,1,25,English,,,English,,,,,,,,GBR,,,,,,
AU,AUS,36,Australia,Australie,7686848,1042.8167,0,Pacific,Canberra,Canberra,-35.299999,149.133,1,0,25,English,,,English,,,,,,,,GBR,,,,,,
AW,ABW,533,Aruba,Aruba,193,5.2253146,0,America,Oranjestad,Oranjestad,12.55,-70.099998,1,1,2,Dutch,Spanish,,Dutch,English,Papiamento,,,,,,NLD,,,,,,
AZ,AZE,31,Azerbaijan,Azerbaïdjan,86600,110.68601,1,Asia,Baku (Baki),Bakou,40.366665,49.883335,1,1,25,Azeri,,,Azeri,,,,Talysh,,,,RUS,,,,TUR,,
BA,BIH,70,Bosnia and Herzegovina,Bosnie-Herzégovine,51233,85.135109,0,Europe,Sarajevo,Sarajevo,43.866665,18.433332,1,1,25,Serbo-Croatian,,,Serbo-Croatian,,,,,,,,TUR,AUT,,,YUG,HUN,
BB,BRB,52,Barbados,Barbade,431,7.8085866,0,America,Bridgetown,Bridgetown,13.1,-59.616665,1,1,11,English,,,Bajan,English,,,,,,,GBR,,,,,,
BD,BGD,50,Bangladesh,Bangladesh,143998,142.72894,0,Asia,Dhaka,Dacca,23.700001,90.366669,1,1,25,Bengali,,,Bengali,,,,,,,,GBR,,,,,,
BE,BEL,58,Belgium and Luxembourg,Belgique et Luxembourg,33114,68.444672,0,Europe,Brussels,Bruxelles,50.833332,4.3499999,1,1,25,Dutch,French,German,Dutch,French,German,,,,,,,,,,NLD,,
BF,BFA,854,Burkina Faso,Burkina Faso,274200,196.95523,1,Africa,Ouagadougou,Ouagadougou,12.333333,-1.6666666,1,1,25,French,,,French,Mòoré,,,Jula,,,,FRA,,,,,,
BG,BGR,100,Bulgaria,Bulgarie,110994,125.30937,0,Europe,Sofia,Sofia,42.666668,23.299999,1,1,25,Bulgarian,,,Bulgarian,,,,Turkish,,,,TUR,,,,,,
BH,BHR,48,Bahrain,Bahreïn,678,9.7937422,0,Asia,Manama,Manama,26.200001,50.633335,1,1,7,Arabic,,,Arabic,,,,,,,,GBR,,,,,,
BI,BDI,108,Burundi,Burundi,27834,62.751141,1,Africa,Bujumbura,Bujumbura,-3.3666666,29.316668,1,1,15,French,Kirundi,,French,Kirundi,,,,,,,BEL,DEU,,,,,
BJ,BEN,204,Benin,Bénin,112622,126.22501,0,Africa,Cotonou,Cotonou,6.4000001,2.517,2,1,25,French,,,French,Fon,,,,,,,FRA,,,,,,
BJ,BEN,204,Benin,Bénin,112622,126.22501,0,Africa,Porto-Novo,Porto-Novo,6.5,2.7833333,1,0,25,French,,,French,Fon,,,,,,,FRA,,,,,,
BM,BMU,60,Bermuda,Bermudes,53,2.7382414,0,America,Hamilton,Hamilton,32.299999,-64.800003,1,1,2,English,,,English,,,,,,,,GBR,,,,,,
BN,BRN,96,Brunei Darussalam,Brunéi Darussalam,5765,28.558372,0,Asia,Bandar Seri Begawan,Bandar Seri Begawan,4.9333334,114.96667,1,1,5,Malay,,,Malay,,,,,,,,GBR,,,,,,
BO,BOL,68,Bolivia,Bolivie,1098581,394.23016,1,America,Sucre,Sucre,-19.083,-65.25,1,0,25,Spanish,Quecha,Aymara,Spanish,Quecha,Aymara,,,,,,ESP,,,,,,
BO,BOL,68,Bolivia,Bolivie,1098581,394.23016,1,America,La Paz,La Paz,-16.5,-68.166664,2,1,25,Spanish,Quecha,Aymara,Spanish,Quecha,Aymara,,,,,,ESP,,,,,,
BR,BRA,76,Brazil,Brésil,8511920,1097.3561,0,America,São Paulo,São Paulo,-23.530001,-46.630001,0,1,25,Portuguese,,,Portuguese,,,,,,,,PRT,,,,,,
BR,BRA,76,Brazil,Brésil,8511920,1097.3561,0,America,Brasilia,Brasilia,-15.78,-47.91,1,0,25,Portuguese,,,Portuguese,,,,,,,,PRT,,,,,,
BS,BHS,44,Bahamas,Bahamas,13939,44.406815,0,America,Nassau,Nassau,25.083334,-77.333336,1,1,24,English,,,English,Bahamas Creole English,,,,,,,GBR,,,,,,
BT,BTN,64,Bhutan,Bhoutan,46620,81.211952,1,Asia,Thimphu,Thimphou,27.533333,89.75,1,1,20,Burmese,,,Dzongha,,,,Nepali,Tshangla,,,,,,,GBR,IND,
BW,BWA,72,Botswana,Botswana,600372,291.43655,1,Africa,Gaborone,Gaborone,-24.75,25.916666,1,1,25,English,,,Tswana,English,,,Kalanga,,,,GBR,,,,,,
BY,BLR,112,Belarus,Biélorussie,207595,171.37294,0,Europe,Minsk,Minsk,53.849998,27.5,1,1,25,Belarussian,,,Belarussian,,,,Russian,,,,RUS,,,,,,
BZ,BLZ,84,Belize,Belize,22963,56.99649,0,America,Belmopan,Belmopan,17.216667,-88.800003,1,1,9,English,Spanish,,Spanish,English,Bileez Kriol,,,,,,GBR,,,,,,
CA,CAN,124,Canada,Canada,9976139,1187.9962,0,America,Toronto,Toronto,43.650002,-79.379997,0,1,25,English,French,,English,French,,,,,,,GBR,FRA,,,,,
CA,CAN,124,Canada,Canada,9976139,1187.9962,0,America,Ottawa,Ottawa,45.419998,-75.709999,1,0,25,English,French,,English,French,,,,,,,GBR,FRA,,,,,
CC,CCK,166,Cocos (Keeling) Islands,Îles Cocos (Keeling),14,1.4073361,0,Pacific,West Island,West Island,-12.5,96.833336,1,1,,Malay,,,English,Malay,,,,,,,GBR,AUS,,,,,
CF,CAF,140,Central African Republic,Centrafricaine (la République),622984,296.87405,1,Africa,Bangui,Bangui,4.3833332,18.616667,1,1,25,French,,,Gbaya,Sango,,,French,,,,FRA,,,,,,
CG,COG,178,Congo,Congo,342000,219.96159,0,Africa,Brazzaville,Brazzaville,-4.2333331,15.233334,1,1,25,French,,,French,Kituba,Kongo,,Lingala,,,,FRA,,,,,,
CH,CHE,757,Switzerland,Suisse,41288,76.426811,1,Europe,Bern,Berne,46.950001,7.4333334,1,1,25,German,French,Italian,German,Alemannisch,French,,Italian,,,,,,,,,,
CI,CIV,384,Côte d'Ivoire,Côte d'Ivoire,322463,213.58647,0,Africa,Yamoussoukro,Yamoussoukro,6.8200002,-5.2800002,1,0,25,French,,,Baoulé,French,Diaoula,,,,,,FRA,,,,,,
CI,CIV,384,Côte d'Ivoire,Côte d'Ivoire,322463,213.58647,0,Africa,Abidjan,Abidjan,5.3166666,-4.0166669,0,1,25,French,,,Baoulé,French,Diaoula,,,,,,FRA,,,,,,
CK,COK,184,Cook Islands,Îles Cook,240,5.8269248,0,Pacific,Avarua,Avarua,-21.200001,-159.76666,1,1,11,English,,,English,Maori,,,,,,,GBR,NZL,,,,,
CL,CHL,152,Chile,Chili,756945,327.23969,0,America,Santiago,Santiago,-33.5,-70.666664,1,1,25,Spanish,,,Spanish,,,,,,,,ESP,,,,,,
CM,CMR,120,Cameroon,Cameroun,475442,259.34781,0,Africa,Yaounde,Yaoundé,3.8499999,11.516666,1,1,25,French,English,,French,English,Fang,,Pidgin Cameroon,Beti,,,FRA,,,,,,
CN,CHN,156,China,Chine,9572378,1163.7072,0,Asia,Beijing,Pékin,39.916668,116.43333,1,1,25,Chinese,,,Chinese Mandarin,,,,Chinese Wu,Chinese Yue,,,,,,,,,
CO,COL,170,Colombia,Colombie,1141748,401.90085,0,America,Bogota,Bogota,4.6333332,-75.066666,1,1,25,Spanish,,,Spanish,,,,,,,,ESP,,,,,,
CR,CRI,188,Costa Rica,Costa Rica,51076,85.004562,0,America,San Jose,San José,9.9833336,-84.066666,1,1,25,Spanish,,,Spanish,,,,,,,,ESP,,,,,,
CU,CUB,192,Cuba,Cuba,110861,125.23428,0,America,Havana,La Havane,23.116667,-82.416664,1,1,25,Spanish,,,Spanish,,,,,,,,ESP,,,,USA,,
CV,CPV,132,Cape Verde,Cap-Vert,4033,23.886248,0,Africa,Praia,Praia,14.916667,-23.5,1,1,15,Portuguese,,,Portuguese,Kabuverdianu,,,,,,,PRT,,,,,,
CX,CXR,162,Christmas Island,Île Christmas,135,4.370194,0,Pacific,The Settlement,The Settlement,-10.416667,105.71667,1,1,,English,,,English,,,,,,,,GBR,AUS,,,,,
CY,CYP,196,Cyprus,Chypre,9251,36.176632,0,Europe,Nicosia,Nicosie,35.150002,33.349998,1,1,25,Greek,Turkish,,Greek,Turkish,,,,,,,GBR,TUR,GRC,,,,
CZ,CZE,203,Czech Republic,Tchèque (la République),78864,105.62658,1,Europe,Prague,Prague,50.099998,14.433333,1,1,25,Czech,,,Czech,,,,,,,,AUT,,,,HUN,,
DE,DEU,276,Germany,Allemagne,357325,224.83582,0,Europe,Essen,Essen,51.466999,6.9829998,0,1,25,German,,,German,,,,,,,,,,,,,,
DE,DEU,276,Germany,Allemagne,357325,224.83582,0,Europe,Berlin,Berlin,52.533001,13.417,1,0,25,German,,,German,,,,,,,,,,,,,,
DJ,DJI,262,Djibouti,Djibouti,23200,57.289864,0,Africa,Djibouti,Djibouti,11.6,43.150002,1,1,5,French,Arabic,,Afar,Somali,,,Arabic,French,,,FRA,,,,,,
DK,DNK,208,Denmark,Danemark,43094,78.080429,0,Europe,Copenhagen,Copenhague,55.666668,12.583333,1,1,25,Danish,,,Danish,,,,,,,,,,,,,,
DM,DMA,212,Dominica,Dominique,751,10.30751,0,America,Roseau,Roseau,15.3,-61.383335,1,1,22,English,French,,English,Lesser Antillean Creole French,,,,,,,GBR,,,,FRA,,
DO,DOM,214,Dominican Republic,Dominicaine (la République),48734,83.032829,0,America,Santo Domingo,Saint-Domingue,18.5,-69.783333,1,1,25,Spanish,,,Spanish,,,,,,,,FRA,HTI,,,ESP,,
DZ,DZA,12,Algeria,Algérie,2381741,580.47174,0,Africa,Algiers,Alger,36.833332,3,1,1,25,Arabic,French,,Arabic,French,,,Kabyle,,,,FRA,,,,,,
EC,ECU,218,Ecuador,Equateur,275716,197.49895,0,America,Quito,Quito,-.23333333,-78.5,1,1,25,Spanish,,,Spanish,Quichua,,,,,,,ESP,,,,,,
EE,EST,233,Estonia,Estonie,45227,79.989449,0,Europe,Tallinn,Tallinn,59.416668,24.75,1,1,25,Estonian,,,Estonian,,,,,,,,RUS,SWE,,,,,
EG,EGY,818,Egypt,Egypte,1001449,376.3988,0,Africa,Cairo,Le Caire,30.049999,31.25,1,1,25,Arabic,,,Arabic,English,,,,,,,GBR,TUR,,,,,
EH,ESH,732,Western Sahara,Sahara occidental,266000,193.98788,0,Africa,none,El Aioun,27.166666,-13.183333,1,1,4,Arabic,,,Arabic,,,,,,,,ESP,MAR,,,,,
ER,ERI,232,Eritrea,Erythrée,121320,131.00867,0,Africa,Asmara,Asmara,15.333333,38.883335,1,1,18,English,,,Tigrigna,Tigré,English,Arabic,Afar,,,,GBR,,,,ITA,ETH,
ES,ESP,724,Spain,Espagne,505954,267.54037,0,Europe,Madrid,Madrid,40.416668,-3.7166667,1,1,25,Spanish,,,Spanish,Catalan,,,Galician,,,,,,,,,,
ET,ETH,231,Ethiopia,Ethiopie,1127127,399.31924,1,Africa,Addis Ababa,Addis Abeba,9.0500002,38.833332,1,1,25,Amharic,Tigrigna,English,Amharic,Oromo,,,,,,,,,,,ITA,,
FI,FIN,246,Finland,Finlande,336593,218.21588,0,Europe,Helsinki,Helsinki,60.133335,25,1,1,25,Swedish,,,Finnish,,,,,,,,RUS,SWE,,,,,
FJ,FJI,242,Fiji,Fidji,18333,50.927292,0,Pacific,Suva,Suva,-18.133333,178.41667,1,1,22,English,,,English,Fijian,Hindustani Fijian,,,,,,GBR,,,,,,
FK,FLK,238,Falkland Islands,Îles Falkland,12173,41.49852,0,America,Stanley,Stanley,-51.700001,-57.849998,1,1,4,English,,,English,,,,,,,,GBR,ESP,,,AUT,,
FM,FSM,583,Micronesia (Federated States of),Micronésie (Etats fédérés de),707,10.001002,0,Pacific,Palikir,Palikir,6.9166665,158.25,1,1,6,English,,,Chuukese,Pohnpeian,English,,,,,,ESP,DEU,USA,JPN,,,
FO,FRO,234,Faroe Islands,Îles Féroé,1399,14.068334,0,Europe,Torshavn,Torshavn,62.016666,-6.7666669,1,1,14,Faroese,Danish,,Faroese,Danish,,,,,,,DNK,,,,,,
FR,FRA,251,France,France,547026,278.18762,0,Europe,Paris,Paris,48.866665,2.3333333,1,1,25,French,,,French,,,,,,,,,,,,,,
GA,GAB,266,Gabon,Gabon,267667,194.5948,0,Africa,Libreville,Libreville,.38333333,9.416667,1,1,25,French,,,Fang,French,,,Mbere,Punu,,,FRA,,,,,,
GB,GBR,826,United Kingdom,Royaume-Uni,244110,185.83461,0,Europe,London,Londres,51.5,-.16666667,1,1,25,English,,,English,,,,,,,,,,,,,,
GD,GRD,308,Grenada,Grenade,345,6.9862375,0,America,Saint George's,Saint-Georges,12.066667,-61.733334,1,1,7,English,,,English,Windward Caribbean Creole English,,,,,,,GBR,,,,FRA,,
GE,GEO,268,Georgia,Géorgie,69700,99.300217,0,Asia,Tbilisi,Tbilissi,41.716667,44.816666,1,1,25,Georgian,,,Georgian,,,,Mingrelian,,,,RUS,,,,TUR,,
GF,GUF,254,French Guiana,Guyane française,91000,113.46307,0,America,Cayenne,Cayenne,4.9333334,-52.333332,1,1,15,French,,,French,,,,,,,,FRA,,,,,,
GH,GHA,288,Ghana,Ghana,238538,183.70145,0,Africa,Accra,Accra,5.5500002,-.25,1,1,25,English,,,Akan,,,,English,Éwé,,,GBR,,,,,,
GI,GIB,292,Gibraltar,Gibraltar,7,.99513692,0,Europe,Gibraltar,Gibraltar,36.133335,-5.3499999,1,1,1,English,Spanish,,English,Spanish,,,,,,,GBR,,,,ESP,,
GL,GRL,304,Greenland,Groenland,2166086,553.56885,0,America,Nuuk (Godthab),Godthab,64.183334,-51.733334,1,1,25,Greenlandic,Danish,,Greenlandic,,,,Danish,,,,DNK,,,,,,
GM,GMB,270,Gambia,Gambie,11295,39.973938,0,Africa,Banjul,Banjul,13.466666,-16.65,1,1,20,English,,,English,Mandinka,Pulaar,,Wolof,,,,GBR,,,,,,
GN,GIN,324,Guinea,Guinée,245857,186.4984,0,Africa,Conakry,Conakry,9.5166664,-15.716666,1,1,25,French,,,French,Pulaar,Maninka,,Susu,,,,FRA,,,,,,
GP,GLP,312,Guadeloupe,Guadeloupe,1780,15.86879,0,America,Basse-Terre,Basse-Terre,16,-61.733334,1,1,25,French,,,French,Lesser Antillean Creole French,,,Virgin Islands Creole English,,,,FRA,,,,,,
GQ,GNQ,226,Equatorial Guinea,Guinée équatoriale,28051,62.995274,0,Africa,Malabo,Malabo,3.75,8.8000002,1,1,16,Spanish,French,,Fang,Spanish,,,Bube,,,,ESP,,,,,,
GR,GRC,300,Greece,Grèce,131621,136.45718,0,Europe,Athens,Athènes,38,23.733334,1,1,25,Greek,,,Greek,,,,,,,,TUR,,,,,,
GT,GTM,320,Guatemala,Guatemala,108889,124.11544,0,America,Guatemala,Guatemala,14.633333,-90.51667,1,1,25,Spanish,,,Spanish,,,,,,,,ESP,,,,,,
GW,GNB,624,Guinea-Bissau,Guinée-Bissau,36125,71.488754,0,Africa,Bissau,Bissau,11.866667,-15.65,1,1,14,Portuguese,,,Balanta,Madjank,Crioulo Upper Guinea,,Mandinka,,,,PRT,,,,,,
GY,GUY,328,Guyana,Guyana,214970,174.39046,0,America,Georgetown,Georgetown,6.7666669,-58.166668,1,1,25,English,,,English,Hindustani Caribbean,Guyanese Creole English,,,,,,GBR,,,,NLD,,
HK,HKG,344,Hong Kong,Hong-Kong,1092,12.429255,0,Asia,Victoria,Victoria,22.266666,114.15,1,1,7,English,Chinese,,English,Chinese Yue,,,,,,,GBR,,,,,,
HN,HND,340,Honduras,Honduras,112088,125.92541,0,America,Tegucigalpa,Tegucigalpa,14.083333,-87.23333,1,1,25,Spanish,,,Spanish,,,,,,,,ESP,,,,,,
HR,HRV,191,Croatia,Croatie,56538,89.43428,0,Europe,Zagreb,Zagreb,45.799999,15.966666,1,1,25,Serbo-Croatian,,,Serbo-Croatian,,,,,,,,AUT,,,,YUG,HUN,
HT,HTI,332,Haiti,Haïti,27750,62.65638,0,America,Port-au-Prince,Port-au-Prince,18.549999,-72.333336,1,1,25,French,,,Haitian Creole French,,,,,,,,,,,,FRA,ESP,
HU,HUN,348,Hungary,Hongrie,93032,114.72286,1,Europe,Budapest,Budapest,47.5,19.049999,1,1,25,Hungarian,,,Hungarian,,,,,,,,,,,,,,
ID,IDN,360,Indonesia,Indonésie,1933658,523.02643,0,Asia,Jakarta,Jakarta,-6.1333332,106.75,1,1,25,Indonesian,,,Indonesian,Malay,Javanese,,Sunda,,,,NLD,,,,,,
IE,IRL,372,Ireland,Irlande,70285,99.716064,0,Europe,Dublin,Dublin,53.333332,-6.25,1,1,25,English,,,English,Irish,,,,,,,GBR,,,,,,
IL,ISR,376,Israel,Israël,21621,55.305927,0,Asia,Tel Aviv,Tel Aviv,32.083332,34.766666,1,1,25,Hebrew,English,,Hebrew,Arabic,English,French,Russian,,,,GBR,TUR,,,POL,,
IN,IND,699,India,Inde,3287590,681.98157,0,Asia,New Delhi,New Delhi,28.616667,77.216667,1,1,25,English,Hindi,,Hindi,English,,,Marathi,Telugu,Bengali,,GBR,,,,,,
IQ,IRQ,368,Iraq,Iraq,437072,248.66251,0,Asia,Baghdad,Bagdad,33.333332,44.433334,1,1,25,Arabic,,,Arabic,Kurdish,,,,,,,TUR,,,,GBR,,
IR,IRN,364,Iran,Iran,1648100,482.86484,0,Asia,Tehran,Téhéran,35.666668,51.433334,1,1,25,Persian,,,Persian,Azeri,,,,,,,,,,,,,
IS,ISL,352,Iceland,Islande,102819,120.60644,0,Europe,Reykjavik,Reykjavik,64.150002,-21.966667,1,1,25,Icelandic,,,Icelandic,,,,,,,,DNK,,,,,,
IT,ITA,381,Italy,Italie,301323,206.46666,0,Europe,Rome,Rome,41.883335,12.5,1,1,25,Italian,,,Italian,,,,Lombard,Napoletano-Calabrese,,,,,,,,,
JM,JAM,388,Jamaica,Jamaïque,10991,39.432327,0,America,Kingston,Kingston,17.966667,-76.800003,1,1,25,English,,,English,,,,,,,,GBR,,,,,,
JO,JOR,400,Jordan,Jordanie,91862,113.99918,0,Asia,Amman,Amman,31.950001,35.933334,1,1,25,Arabic,,,Arabic,English,,,,,,,GBR,,,,,,
JP,JPN,392,Japan,Japon,377801,231.18803,0,Asia,Tokyo,Tokyo,35.666668,139.75,1,1,25,Japanese,,,Japanese,,,,,,,,,,,,,,
KE,KEN,404,Kenya,Kenya,582646,287.10199,0,Africa,Nairobi,Nairobi,-1.2833333,36.833332,1,1,25,English,Swahili,,English,Swahili,Gikuyu,,Luo,Luyia,Kalenjin,Kamba,GBR,,,,,,
KG,KGZ,417,Kyrgyzstan,Kirghizistan,198500,167.57686,1,Asia,Bishkek,Bichkek,42.900002,74.599998,1,1,25,Kyrgyz,Russian,,Kyrgyz,Russian,,,,,,,RUS,,,,,,
KH,KHM,116,Cambodia,Cambodge,181035,160.03503,0,Asia,Phnom Penh,Phnom Penh,11.583333,104.91666,1,1,24,Khmer,,,Khmer,,,,,,,,FRA,,,,,,
KI,KIR,296,Kiribati,Kiribati,717,10.071482,0,Pacific,Tarawa (Bairiki),Bairiki,1.3833333,173.14999,1,1,25,English,,,English,I-Kiribati,,,,,,,GBR,,,,,,
KM,COM,174,Comoros,Comores,1862,16.230192,0,Africa,Moroni,Moroni,-11.666667,43.266666,1,1,5,Arabic,French,,Comorian,,,,French,,,,FRA,,,,,,
KN,KNA,659,Saint Kitts and Nevis,Saint-Christophe-et-Niévès,269,6.1689315,0,America,Basseterre,Basseterre,17.283333,-62.716667,1,1,17,English,,,English,Leeward Caribbean Creole English,,,,,,,GBR,,,,,,
KP,PRK,408,"Korea, Dem. People's Rep. of",Corée du Nord,120538,130.58575,0,Asia,Pyongyang,Pyongyang,39,125.78333,1,1,15,Korean,,,Korean,,,,,,,,JPN,,,,,,
KR,KOR,410,Korea,Corée du Sud,99484,118.63434,0,Asia,Seoul,Séoul,37.5,127,1,1,25,Korean,,,Korean,English,,,,,,,JPN,,,,,,
KW,KWT,414,Kuwait,Koweït,17818,50.206886,0,Asia,Kuwait,Koweït,29.333334,48,1,1,25,Arabic,,,Arabic,English,,,,,,,GBR,,,,,,
KY,CYM,136,Cayman Islands,Îles Caïmans,262,6.0881376,0,America,George Town,George Town,19.299999,-81.383331,1,1,3,English,,,English,Cayman Islands English,,,,,,,GBR,,,,,,
KZ,KAZ,398,Kazakstan,Kazakstan,2717300,620.01556,1,Asia,Alma-Ata (Almaty),Alma-Ata (Almaty),43.25,76.949997,2,1,25,Kazakh,Russian,,Kazakh,Russian,,,,,,,RUS,,,,,,
KZ,KAZ,398,Kazakstan,Kazakstan,2717300,620.01556,1,Asia,Astana,Astana,51.169998,71.470001,1,0,25,Kazakh,Russian,,Kazakh,Russian,,,,,,,RUS,,,,,,
LA,LAO,418,Lao People's Democratic Republic,"Lao, Rép. dém. Pop.",236800,183.03101,1,Asia,Vientiane,Vientiane,17.983334,102.63333,1,1,23,Lao,,,Thai,,,,Khmu,,,,FRA,,,,,,
LB,LBN,422,Lebanon,Liban,10452,38.453289,0,Asia,Beirut,Beyrouth,33.866665,35.5,1,1,19,Arabic,French,,Arabic,French,English,,,,,,FRA,,,,,,
LC,LCA,662,Saint Lucia,Sainte-Lucie,617,9.3427858,0,America,Castries,Castries,14.016666,-60.983334,1,1,12,English,,,English,Lesser Antillean Creole French,,,,,,,GBR,,,,,,
LK,LKA,144,Sri Lanka,Sri Lanka,65610,96.342705,0,Asia,Colombo,Colombo,6.9166665,79.866669,1,1,25,Sinhala,,,Sinhala,,,,Tamil,,,,GBR,,,,NLD,,
LR,LBR,430,Liberia,Libéria,111369,125.52087,0,Africa,Monrovia,Monrovia,6.3333335,-10.766666,1,1,18,English,,,English,,,,Bassa,Kpelle,,,FRA,,,,,,
LS,LSO,426,Lesotho,Lesotho,30355,65.531319,1,Africa,Maseru,Maseru,-29.316668,27.483334,1,1,11,English,Sesotho,,English,Sesotho,,,,,,,GBR,,,,,,
LT,LTU,440,Lithuania,Lituanie,65300,96.11483,0,Europe,Vilnius,Vilnius,54.683334,25.316668,1,1,25,Lithuanian,,,Lithuanian,,,,,,,,RUS,,,,,,
LU,LUX,442,Luxembourg,Luxembourg,2586,19.127052,1,Europe,Luxembourg,Luxembourg,49.599998,6.1500001,1,1,25,French,German,Luxembourgish,Luxembourgish,,,,,,,,NLD,,,,,,
LV,LVA,428,Latvia,Lettonie,64589,95.590134,0,Europe,Riga,Riga,56.950001,24.1,1,1,25,Latvian,,,Latvian,,,,,,,,RUS,,,,SWE,,
LY,LBY,434,Libyan Arab Jamahiriya,Libye,1759540,498.92282,0,Africa,Tripoli,Tripoli,32.733334,13.116667,1,1,25,Arabic,,,Arabic,,,,,,,,TUR,ITA,,,,,
MA,MAR,504,Morocco,Maroc,710850,317.11938,0,Africa,Rabat,Rabat,34.033333,-6.8499999,1,1,25,Arabic,French,,Arabic,French,,,Tachelhit,Tamazghit,,,FRA,,,,,,
MD,MDA,498,"Moldova, Rep.of",Moldavie,33700,69.04763,0,Europe,Chisinau,Chisinau,47,28.833334,1,1,25,Romanian,,,Romanian,,,,Bulgarian,,,,RUS,,,,,,
MG,MDG,450,Madagascar,Madagascar,587041,288.18277,0,Africa,Antananarivo,Tananarive,-18.866667,47.5,1,1,25,French,,,Malagasy,French,,,,,,,FRA,,,,,,
MH,MHL,584,Marshall Islands,Marshall,181,5.0602632,0,Pacific,Majuro,Delap-Uliga-Darrit,7.1500001,171.2,1,1,3,English,,,English,Marshallese,,,,,,,,,,,,,
MK,MKD,807,Macedonia (the former Yugoslav Rep. of),Macédoine,25713,60.312897,1,Europe,Skopje,Skopje,42,21.466667,1,1,25,Macedonian,,,Macedonian,,,,Albanian,,,,TUR,,,,YUG,,
ML,MLI,466,Mali,Mali,1240142,418.8606,1,Africa,Bamako,Bamako,12.666667,-7.9833331,1,1,25,French,,,Bambara,,,,Fulfulde,Senoufo,,,FRA,,,,,,
MM,MMR,104,Burma,Birmanie,678500,309.81949,0,Asia,Rangoon,Rangoon,16.783333,96.166664,1,1,25,Burmese,,,Burmese,,,,,,,,GBR,,,,IND,,
MN,MNG,496,Mongolia,Mongolie,1565500,470.60913,1,Asia,Ulaanbaatar,Oulan-Bator,47.900002,106.86667,1,1,25,Mongolian,,,Mongolian,,,,,,,,CHN,,,,,,
MO,MAC,446,Macau (Aomen),Macao (Aomen),25,1.8806319,0,Asia,Aomen,Aomen,22.27,113.56,1,1,,Portuguese,Chinese,,Portuguese,Chinese Yue,,,,,,,PRT,,,,,,
MP,MNP,580,Northern Mariana Islands,Îles Mariannes du Nord,477,8.2147245,0,Pacific,Saipan,Saipan,15.2,145.75,1,1,15,English,,,English,Chamorro,,,,,,,ESP,DEU,USA,JPN,,,
MQ,MTQ,474,Martinique,Martinique,1100,12.474701,0,America,Fort-de-France,Fort-de-France,14.6,-61.083332,1,1,21,French,,,French,Lesser Antillean Creole French,,,,,,,FRA,,,,,,
MR,MRT,478,Mauritania,Mauritanie,1030700,381.85629,0,Africa,Nouakchott,Nouakchott,18.15,-15.966666,1,1,20,Arabic,,,Hassaniya Arabic,,,,,,,,FRA,,,,,,
MS,MSR,500,Montserrat,Montserrat,102,3.7986903,0,America,Plymouth,Plymouth,16.700001,-62.216667,1,1,,English,,,English,Leeward Caribbean Creole English,,,,,,,GBR,,,,,,
MT,MLT,470,Malta,Malte,316,6.6861691,0,Europe,Valletta,La Valette,35.900002,14.533334,1,1,25,English,,,Maltese,English,,,,,,,GBR,,,,,,
MU,MUS,480,Mauritius,Maurice,2045,17.009066,0,Africa,Port Louis,Port Louis,-20.166666,57.5,1,1,25,English,French,,Morisyen,French,,,English,,,,GBR,,,,FRA,NLD,
MV,MDV,462,Maldives,Maldives,298,6.4929481,0,Asia,Male,Malé,4.1666665,73.466667,1,1,25,Maldivian,,,Maldivian,,,,,,,,GBR,,,,,,
MW,MWI,454,Malawi,Malawi,118484,129.46837,1,Africa,Lilongwe,Lilongwe,-13.966666,33.816666,1,1,25,English,,,Chichewa,,,,Lomwé,Yao,English,,GBR,,,,,,
MX,MEX,484,Mexico,Mexique,1967210,527.54456,0,America,Mexico (Distrito Federal),Mexico,19.416666,-99.166664,1,1,25,Spanish,,,Spanish,,,,,,,,ESP,,,,,,
MY,MYS,458,Malaysia,Malaisie,329758,215.98892,0,Asia,Kuala Lumpur,Kuala Lumpur,3.1333334,101.7,1,1,25,Malay,Chinese,,Malay,Chinese Min Nan,,,Tamoul,Chinese Yue,Chinese Hakka,,GBR,,,,,,
MZ,MOZ,508,Mozambique,Mozambique,801590,336.75183,0,Africa,Maputo,Maputo,-25.966667,32.583332,1,1,25,Portuguese,,,Macua,Portuguese,,,Tsonga,,,,PRT,,,,,,
NA,NAM,516,Namibia,Namibie,825518,341.741,0,Africa,Windhoek,Windhoeck,-22.566668,17.1,1,1,25,English,,,English,Kwanyama,,,Afrikaans,,,,DEU,ZAF,,,,,
NC,NCL,540,New Caledonia,Nouvelle-Calédonie,19060,51.927242,0,Pacific,Noumea,Nouméa,-22.266666,166.45,1,1,25,French,,,French,,,,,,,,FRA,,,,,,
NE,NER,562,Niger,Niger,1267000,423.37198,1,Africa,Niamey,Niamey,13.533334,2.0833333,1,1,25,French,Arabic,,Hausa,Zarma,French,,,,,,FRA,,,,,,
NF,NFK,574,Norfolk Island,Île Norfolk,35,2.2251937,0,Pacific,Kingston,Kingston,-29.049999,167.96666,1,1,1,English,,,English,,,,,,,,,,,,GBR,,
NG,NGA,566,Nigeria,Nigéria,923768,361.5058,0,Africa,Abuja,Abuja,9.1800003,7.1700001,1,0,25,English,,,Yorouba,Hausa,English,,Igbo,,,,GBR,,,,,,
NG,NGA,566,Nigeria,Nigéria,923768,361.5058,0,Africa,Lagos,Lagos,6.4499998,3.4666667,2,1,25,English,,,Yorouba,Hausa,English,,Igbo,,,,GBR,,,,,,
NI,NIC,558,Nicaragua,Nicaragua,130670,135.96332,0,America,Managua,Managua,12.1,-86.300003,1,1,25,Spanish,,,Spanish,,,,,,,,ESP,,,,,,
NL,NLD,528,Netherlands,Pays-Bas,41863,76.957153,0,Europe,Amsterdam,Amsterdam,52.349998,4.9000001,1,1,25,Dutch,,,Dutch,,,,,,,,,,,,ESP,,
NO,NOR,579,Norway,Norvège,323752,214.01294,0,Europe,Oslo,Oslo,59.916668,10.75,1,1,25,Norwegian,,,Norwegian,,,,,,,,,,,,DNK,,
NP,NPL,524,Nepal,Népal,147181,144.29779,1,Asia,Kathmandu,Katmandou,27.700001,85.316666,1,1,25,Nepali,,,Nepali,,,,Maithili,,,,,,,,,,
NR,NRU,520,Nauru,Nauru,21,1.7236277,0,Pacific,Yaren,Yaren,-.53333336,166.91667,1,1,1,Nauruan,English,,Nauruan,English,,,,,,,GBR,DEU,AUS,,JPN,,
NU,NIU,570,Niue,Nioué,260,6.0648556,0,Pacific,Alofi,Alofi,-19.016666,-169.91667,1,1,13,Niuean,English,,Niuean,English,,,,,,,GBR,NZL,,,,,
NZ,NZL,554,New Zealand,Nouvelle-Zélande,268676,194.96123,0,Pacific,Wellington,Wellington,-44.283333,174.78334,1,1,25,English,,,English,,,,,,,,GBR,,,,,,
OM,OMN,512,Oman,Oman,212379,173.33633,0,Asia,Muscat,Mascate,23.616667,58.633335,1,1,25,Arabic,,,Arabic,,,,Balochi Southern,,,,,,,,ESP,,
PA,PAN,591,Panama,Panama,75648,103.45049,0,America,Panama,Panama,8.9499998,-79.5,1,1,25,Spanish,,,Spanish,,,,,,,,ESP,,,,COL,,
PE,PER,604,Peru,Pérou,1285216,426.40457,0,America,Lima,Lima,-12.1,-77.050003,1,1,25,Spanish,,,Spanish,,,,Quecha,,,,ESP,,,,,,
PF,PYF,258,French Polynesia,Polynésie française,4167,24.279825,0,Pacific,Papeete,Papeete,-17.533333,-149.56667,1,1,25,French,,,French,Tahitian,,,Tuamotan,,,,FRA,,,,,,
PG,PNG,598,Papua New Guinea,Papouasie-Nouvelle-Guinée,462840,255.8876,0,Pacific,Port Moresby,Port Moresby,-9.5,147.11667,1,1,25,English,Hiri Motu,Tok Pisin,Tok Pisin,,,,Motu,English,,,GBR,DEU,AUS,,,,
PH,PHL,608,Philippines,Philippines,300000,206.01291,0,Asia,Manila,Manille,14.616667,120.96667,1,1,25,English,,,English,Filipino,Cebuano,,Hiligaynon,Ilocano,,,ESP,USA,,,,,
PK,PAK,586,Pakistan,Pakistan,882872,353.41312,0,Asia,Islamabad,Islamabad,33.666668,73.133331,1,1,25,Urdu,Sindhi,English,Urdu,Punjabi,English,Sindhi,,,,,GBR,,,,,,
PL,POL,616,Poland,Pologne,312685,210.32327,0,Europe,Warsaw,Varsovie,52.25,21,1,1,25,Polish,,,Polish,,,,,,,,DEU,,,,RUS,,
PM,SPM,666,St. Pierre and Miquelon,Saint-Pierre-et-Miquelon,242,5.8511534,0,America,Saint Pierre,Saint-Pierre,46.666668,-56.166668,1,1,2,French,,,French,,,,,,,,FRA,,,,,,
PN,PCN,612,Pitcairn,Pitcairn,47,2.5785925,0,Pacific,Adamstown,Adamstown,-25.066668,-130.08333,1,1,,English,,,English,,,,,,,,GBR,,,,,,
PR,PRI,630,Puerto Rico,Porto Rico,9104,35.888054,0,America,San Juan,San Juan,18.440001,-66.129997,1,1,25,English,Spanish,,English,Spanish,,,,,,,ESP,USA,,,,,
PS,PAL,931,Palestine,Palestine,6256,29.749672,0,Asia,Gaza,Gaza,31.530001,34.439999,1,1,25,Arabic,,,Arabic,,,,,,,,GBR,TUR,,,,,
PT,PRT,620,Portugal,Portugal,92389,114.32572,0,Europe,Lisbon,Lisbonne,38.733334,-9.1333332,1,1,25,Portuguese,,,Portuguese,,,,,,,,,,,,,,
PW,PLW,585,Palau,Palaos,487,8.3003855,0,Pacific,Koror,Koror,7.3333335,134.48334,1,1,17,English,,,English,Palauan,,,,,,,GBR,DEU,USA,JPN,,,
PY,PRY,600,Paraguay,Paraguay,406752,239.88255,1,America,Asuncion,Asuncion,-25.25,-57.666668,1,1,25,Spanish,,,Guarani,Spanish,,,,,,,ESP,,,,,,
QA,QAT,634,Qatar,Qatar,11437,40.224426,0,Asia,Doha,Doha,25.25,51.533333,1,1,13,Arabic,Persian,,Arabic,Persian,,,,,,,GBR,,,,,,
RE,REU,638,Reunion,Réunion,2517,18.870153,0,Africa,Saint-Denis,Saint-Denis,-20.866667,55.466667,1,1,23,French,,,French,Tamoul,Réunion Creole French,,,,,,FRA,,,,,,
RO,ROM,642,Romania,Roumanie,238391,183.64484,0,Europe,Bucharest,Bucarest,44.416668,26.116667,1,1,25,Romanian,,,Romanian,,,,Hungarian,,,,,,,,TUR,AUT,HUN
RU,RUS,643,Russian Federation,Russie,17075400,1554.2441,0,Asia,Moscow,Moscou,55.75,37.700001,1,1,25,Russian,,,Russian,,,,,,,,,,,,,,
RW,RWA,646,Rwanda,Rwanda,26338,61.0415,1,Africa,Kigali,Kigali,-1.9333333,30.066668,1,1,12,French,English,Rwanda,Rwanda,English,,,French,,,,BEL,DEU,,,,,
SA,SAU,682,Saudi Arabia,Arabie saoudite,2153168,551.91571,0,Asia,Riyadh,Riyad,24.65,46.766666,1,1,25,Arabic,,,Arabic,,,,,,,,,,,,,,
SB,SLB,90,Solomon Islands,Îles Salomon,29785,64.913139,0,Pacific,Honiara,Honiara,-9.4666662,159.95,1,1,9,English,,,Solomons Pidgin,,,,,,,,GBR,,,,,,
SC,SYC,690,Seychelles,Seychelles,455,8.0230503,0,Africa,Victoria,Victoria,-4.6333332,55.466667,1,1,5,English,French,,Seselwa Creole French,French,English,,,,,,GBR,FRA,,,,,
SD,SDN,736,Sudan,Soudan,2505813,595.39905,0,Africa,Khartoum,Khartoum,15.55,32.533333,1,1,25,Arabic,,,Arabic,,,,,,,,GBR,EGY,,,,,
SE,SWE,752,Sweden,Suède,449964,252.30316,0,Europe,Stockholm,Stockholm,59.333332,18.083334,1,1,25,Swedish,,,Swedish,,,,Skane,,,,,,,,,,
SG,SGP,702,Singapore,Singapour,646,9.5598278,0,Asia,Singapore,Singapour,1.2833333,103.85,1,1,1,English,Chinese,,English,Chinese Min Nan,,,Chinese Yue,Malay,,,GBR,,,,,,
SH,SHN,654,Saint Helena,Sainte-Hélène,410,7.6159787,0,Africa,Jamestown,Jamestown,-15.916667,-5.6999998,1,1,4,English,,,English,,,,,,,,GBR,,,,,,
SI,SVN,705,Slovenia,Slovénie,20256,53.531651,0,Europe,Ljubljana,Ljubljana,46.066666,14.5,1,1,25,Slovenian,,,Slovenian,,,,,,,,AUT,,,,YUG,HUN,
SK,SVK,703,Slovakia,Slovaquie,49036,83.289703,1,Europe,Bratislava,Bratislava,48.166668,17.166666,1,1,25,Slovak,,,Slovak,,,,Hungarian,,,,HUN,,,,,,
SL,SLE,694,Sierra Leone,Sierra Leone,73326,101.85042,0,Africa,Freetown,Freetown,8.5,-13.283334,1,1,25,English,,,English,,,,,,,,GBR,,,,,,
SM,SMR,674,San Marino,Saint-Marin,61,2.9376409,0,Europe,Serravalle,Serravalle,43.950001,12.49,1,1,9,Italian,,,Italian,Emiliano-Romagnolo,,,,,,,,,,,,,
SN,SEN,686,Senegal,Sénégal,196722,166.82466,0,Africa,Dakar,Dakar,14.633333,-17.450001,1,1,25,French,,,French,Wolof,Pulaar,,Serer-Sine,,,,FRA,,,,,,
SO,SOM,706,Somalia,Somalie,637657,300.34982,0,Africa,Mogadishu,Muqdisho (Mogadiscio),2.0333333,45.349998,1,1,25,Somali,English,Arabic,Somali,,,,,,,,GBR,ITA,,,,,
SR,SUR,740,Suriname,Suriname,163820,152.23596,0,America,Paramaribo,Paramaribo,5.8666668,-55.233334,1,1,14,Dutch,Hindi,,Dutch,Hindustani Caribbean,Sranan,,Javanese Caribbean,,,,NLD,,,,,,
ST,STP,678,Sao Tome and Principe,Sao Tomé-et-Principe,964,11.678103,0,Africa,Sao Tome,Sao Tomé,.2,6.7166667,1,1,6,Portuguese,,,Portuguese,Sãotomense,,,,,,,PRT,,,,,,
SV,SLV,222,El Salvador,Salvador,21041,54.559074,0,America,San Salvador,San Salvador,13.666667,-89.166664,1,1,25,Spanish,,,Spanish,,,,,,,,ESP,,,,,,
SY,SYR,760,Syrian Arab Republic,Syrie,184004,161.342,0,Asia,Damascus,Damas,33.5,36.316666,1,1,25,Arabic,,,Arabic,,,,,,,,FRA,TUR,,,,,
SZ,SWZ,748,Swaziland,Swaziland,17364,49.563126,1,Africa,Mbabane,Mbabane,-26.333334,31.133333,1,1,25,Swati,English,,Swati,,,,,,,,GBR,,,,,,
TC,TCA,796,Turks and Caicos Islands,Îles Turks et Caïques,430,7.7995229,0,America,Grand Turk (Cockburn Town),Grand Turk (Cockburn Town),21.466667,-71.133331,1,1,2,English,,,English,Turks And Caicos Creole English,,,,,,,GBR,,,,,,
TD,TCD,148,Chad,Tchad,1284005,426.20364,1,Africa,N'Djamena,Ndjamena,12.166667,14.983334,1,1,25,French,Arabic,,Arabic,,,,Ngambay,,,,FRA,,,,,,
TF,ATF,260,French Southern Antartic territories,Terres australes françaises,7829,33.280277,0,No,Dumont d'Urville (Terre Adélie),Dumont d'Urville (Terre Adélie),-66.666664,-140,1,1,3,French,,,French,,,,,,,,,,,,,,
TG,TGO,768,Togo,Togo,56785,89.629425,0,Africa,Lome,Lomé,6.1666665,1.35,1,1,25,French,,,French,Éwé,,,Kabiyé,,,,FRA,,,,,,
TH,THA,764,Thailand,Thaïlande,513115,269.42703,0,Asia,Bangkok,Bangkok,13.733334,100.5,1,1,25,Thai,,,Thai,,,,,,,,,,,,,,
TJ,TJK,762,Tajikistan,Tadjikistan,143095,142.28072,1,Asia,Dushanbe,Douchanbé,38.633335,68.849998,1,1,25,Tajik,,,Tajik,,,,,,,,RUS,,,,,,
TK,TKL,772,Tokelau,Tokelaou,10,1.1894161,0,Pacific,N.A.,N.A.,-9,-172,1,1,3,Tokelauan,English,,Tokelauan,English,,,,,,,GBR,NZL,,,,,
TM,TKM,795,Turkmenistan,Turkménistan,488100,262.77753,1,Asia,Ashgabat,Achgabat,37.950001,58.383335,1,1,25,Turkmen,,,Turkmen,,,,,,,,RUS,,,,,,
TN,TUN,788,Tunisia,Tunisie,164150,152.38922,0,Africa,Tunis,Tunis,36.833332,10.216666,1,1,25,Arabic,French,,Arabic,,,,,,,,FRA,TUR,,,,,
TO,TON,776,Tonga,Tonga,748,10.286902,0,Pacific,Nuku'alofa,Nuku'alofa,-21.15,-175.23334,1,1,9,Tongan,English,,Tongan,,,,,,,,GBR,,,,,,
TP,TMP,626,East Timor,Timor Oriental,14874,45.872002,0,Asia,Dili,Dili,-8.5699997,125.58,1,1,19,Tetum,Portuguese,,Tetum,Mambae,,,,,,,PRT,IDN,,,IDN,,
TR,TUR,792,Turkey,Turquie,780576,332.30847,0,Europe,Istambul,Istambul,41.033333,28.950001,0,1,25,Turkish,,,Turkish,,,,Kurmanji,,,,,,,,,,
TR,TUR,792,Turkey,Turquie,780576,332.30847,0,Europe,Ankara,Ankara,39.93,32.849998,1,0,25,Turkish,,,Turkish,,,,Kurmanji,,,,,,,,,,
TT,TTO,780,Trinidad and Tobago,Trinité-et-Tobago,5130,26.939684,0,America,Port-of-Spain,Port of Spain,10.633333,-61.516666,1,1,22,English,,,English,,,,Lesser Antillean Creole French,,,,GBR,,,,,,
TV,TUV,798,Tuvalu,Tuvalu,26,1.9178758,0,Pacific,Fongafale,Fongafale,-8.5,179.2,1,1,8,Tuvaluan,,,Tuvaluan,,,,,,,,GBR,,,,,,
TW,TWN,490,Taiwan,Taïwan,35875,71.240959,0,Asia,Taipei,Taipeh,25.083334,121.53333,1,1,25,Chinese,,,Chinese Hakka,Chinese Mandarin,Chinese Min Nan,,,,,,JPN,,,,CHN,,
TZ,TZA,834,"Tanzania, United Rep. of ",Tanzanie,945090,365.65405,0,Africa,Dar es Salaam,Dar es Salaam,-6.8499999,39.299999,2,1,25,English,Swahili,,Swahili,,,,Sukuma,,,,GBR,,,,,,
TZ,TZA,834,"Tanzania, United Rep. of ",Tanzanie,945090,365.65405,0,Africa,Dar es Salaam,Dar es Salaam,-6.1700001,35.740002,1,0,25,English,Swahili,,Swahili,,,,Sukuma,,,,GBR,,,,,,
UA,UKR,804,Ukraine,Ukraine,603677,292.23761,0,Europe,Kiev (Kyyiv),Kiev,50.416668,30.5,1,1,25,Ukrainian,,,Ukrainian,,,,,,,,RUS,,,,,,
UG,UGA,800,Uganda,Ouganda,241038,184.66159,1,Africa,Kampala,Kampala,.33333334,32.583332,1,1,25,English,,,Ganda,,,,English,,,,GBR,,,,,,
US,USA,842,United States of America,Etats-Unis d'Amérique,9529106,1161.074,0,America,New York,New York,40.75,-74,0,1,25,English,,,English,,,,Spanish,,,,GBR,FRA,ESP,,,,
US,USA,842,United States of America,Etats-Unis d'Amérique,9529106,1161.074,0,America,"Washington, DC",Washington,38.867001,-77,1,0,25,English,,,English,,,,Spanish,,,,GBR,FRA,ESP,,,,
UY,URY,858,Uruguay,Uruguay,176215,157.89023,0,America,Montevideo,Montevideo,-34.916668,-56.166668,1,1,25,Spanish,,,Spanish,,,,,,,,ESP,,,,BRA,,
UZ,UZB,860,Uzbekistan,Ouzbékistan,447400,251.5833,1,Asia,Tashkent (Toshkent),Tachkent,41.266666,69.216667,1,1,25,Uzbek,,,Uzbek,,,,,,,,RUS,,,,,,
VC,VCT,670,Saint Vincent and the Grenadines,Saint-Vincent-et-les Grenadines,389,7.4183722,0,America,Kingstown,Kingstown,13.2,-61.233334,1,1,10,English,,,English,Windward Caribbean Creole English,,,,,,,GBR,,,,,,
VE,VEN,862,Venezuela,Venezuela,911930,359.18201,0,America,Caracas,Caracas,10.583333,-66.933334,1,1,25,Spanish,,,Spanish,,,,,,,,ESP,,,,,,
VG,VGB,92,British Virgin Islands,Îles Vierges britanniques,153,4.6524267,0,America,Road Town,Roadtown,18.450001,-64.616669,1,1,6,English,,,English,Virgin Islands Creole English,,,,,,,GBR,,,,,,
VN,VNM,704,Viet Nam,Viet Nam,331114,216.43256,0,Asia,Hanoi,Hanoï,21.016666,105.86667,1,1,25,Vietnamese,,,Vietnamese,,,,,,,,FRA,,,,,,
VU,VUT,548,Vanuatu,Vanuatu,14763,45.700516,0,Pacific,Port-Vila,Port-Vila,-17.75,168.3,1,1,8,English,French,Bismala,English,French,Bismala,,,,,,GBR,FRA,,,,,
WF,WLF,876,Wallis and Futuna,Îles Wallis et Futuna,274,6.2259994,0,Pacific,Mata-Utu (on Ile Uvea),Mata-Utu (on Ile Uvea),-13.3,-176.2,1,1,1,French,,,French,,,,,,,,FRA,,,,,,
WS,WSM,882,Samoa,Samoa,2842,20.051453,0,Pacific,Apia,Apia,-13.8,171.75,1,1,11,Samoan,English,,Samoan,English,,,,,,,DEU,NZL,,,,,
YE,YEM,887,Yemen,Yémen,547244,278.24304,0,Asia,Sanaa,Sanaa,15.4,44.233334,1,1,25,Arabic,,,Arabic,,,,,,,,GBR,TUR,,,,,
YU,YUG,891,Serbia and Montenegro,Serbie et Monténégro (ex-Yougoslavie),102173,120.22697,0,Europe,Belgrade,Belgrade,44.833332,20.5,1,1,25,Serbo-Croatian,,,Serbo-Croatian,,,,Albanian,,,,TUR,,,,,,
ZA,ZAF,711,South Africa,Afrique du Sud,1219912,415.43021,0,Africa,Cape Town,Le Cap,-33.933334,18.466667,2,1,25,English,,,Zoulou,Xhosa,English,,Afrikaans,Shoto,,,GBR,NLD,,,,,
ZA,ZAF,711,South Africa,Afrique du Sud,1219912,415.43021,0,Africa,Pretoria,Pretoria,-25.73,28.219999,1,0,25,English,,,Zoulou,Xhosa,English,,Afrikaans,Shoto,,,GBR,NLD,,,,,
ZM,ZMB,894,Zambia,Zambie,752614,326.30215,1,Africa,Lusaka,Lusaka,-15.466666,28.266666,1,1,25,English,,,English,,,,Nyanja,Tonga,,,GBR,,,,,,
ZR,ZAR,180,Congo (Democratic Republic of the),"Congo, Rép. dém. du",2345410,576.02747,0,Africa,Kinshasa,Kinshasa,-4.3000002,15.3,1,1,25,French,,,Swahili,Lingala,,,Kikongo,Luba-Kasai,French,,BEL,,,,,,
ZW,ZWE,716,Zimbabwe,Zimbabwe,390759,235.11931,1,Africa,Harare,Harare,-17.833334,31.049999,1,1,25,English,,,Shona,English,,,Ndebele,,,,GBR,,,,,,
